flight_id,airline_code,origin,destination,distance_km,passengers,delay_min
F00585,UK,DEL,HYD,794,141,11.0
F00468,G8,BLR,CCU,1201,68,29.0
F00083,6E,CCU,HYD,1299,87,0.0
F00165,UK,BLR,DEL,552,137,11.0
F00581,G8,MAA,BLR,1466,77,26.0
F00306,UK,MAA,DEL,1835,178,13.0
F00099,6E,HYD,MAA,1642,97,2.0
F00280,6E,HYD,DEL,2214,115,22.0
F00527,SG,BLR,HYD,2290,88,20.0
F00310,6E,BLR,BOM,1709,99,
F00434,UK,CCU,BOM,1141,96,
F00529,AI, DEL,BOM,2274,122,
F00503,SG,DEL,MAA,503,121,13.0
F00069,6E,CCU,BLR,2209,141,17.0
F00263,UK,BLR,DEL,1637,130,7.0
F00339,6E,BLR,MAA,419,91,460.0
F00292,6E,CCU,BLR,332,154,6.0
F00485,6E, HYD,BOM,1628,104,28.0
F00599,UK,HYD,BLR,2298,64,559.0
F00072,6E,BOM,BLR,1120,121,31.0
F00154,SG,CCU,HYD,1735,121,10.0
F00232,6E,BOM,BLR,1960,137,22.0
F00317,SG,MAA,HYD,2233,178,12.0
F00592,UK,DEL,BOM,1807,149,8.0
F00540,6E,CCU,BLR,1491,69,18.0
F00323,G8,CCU,HYD,1589,103,20.0
F00495,UK,MAA,DEL,1129,161,38.0
F00391,G8,CCU,BLR,2157,145,38.0
F00048,6E,BOM,HYD,452,174,10.0
F00430,AI,maa,DEL,2227,146,55.0
F00493,6E,CCU,BOM,696,62,20.0
F00385,6E,DEL,BOM,1267,186,7.0
F00289,AI,BLR,BOM,1874,128,29.0
F00255,AI,MAA,DEL,979,109,22.0
F00168,G8,BOM,HYD,1006,132,30.0
F00374,6E,MAA,HYD,2274,188,12.0
F00454,6E,HYD,BLR,1570,159,61.0
F00547,SG,BOM,BLR,1420,129,32.0
F00269,G8,BOM,CCU,487,170,39.0
F00509,6E,BOM,MAA,950,109,8.0
F00477,UK,HYD,MAA,1797,81,
F00248,6E, BOM,DEL,1798,115,12.0
F00344,6E,CCU,BLR,1909,82,7.0
F00063,AI,BLR,HYD,1481,134,16.0
F00207,6E,DEL,MAA,558,106,-999.0
F00520,6E,BLR,CCU,2218,183,62.0
F00127,6E,BLR,DEL,717,141,24.0
F00417,AI,DEL,MAA,1479,148,3.0
F00142,6E,BLR,CCU,2115,61,10.0
F00022,UK,BLR,DEL,950,68,22.0
F00390,6E,DEL,BOM,447,93,3.0
F00447,UK,MAA,CCU,755,105,
F00155,UK,DEL,BOM,1471,189,44.0
F00464,6E,MAA,BLR,2273,156,12.0
F00336,SG,BOM,CCU,694,160,6.0
F00480,6E,MAA,BOM,1721,95,23.0
F00553,UK,BOM,BLR,1180,130,18.0
F00213,AI,MAA,HYD,2355,148,20.0
F00386,UK,CCU,HYD,742,84,4.0
F00404,UK,DEL,MAA,2335,66,8.0
F00478,6E,BLR,BOM,1825,160,9.0
F00231,6E,CCU,BOM,1682,160,-999.0
F00259,AI,CCU,BLR,1880,90,5.0
F00534,UK,BLR,BOM,2127,161,12.0
F00457,SG,HYD,MAA,1359,69,12.0
F00176,6E,BOM,HYD,2131,141,6.0
F00264,AI,CCU,BLR,2150,151,15.0
F00005,UK,BOM,MAA,1938,77,12.0
F00486,6E, BOM,CCU,941,169,6.0
F00490,6E,BOM,HYD,2375,108,6.0
F00034,SG,CCU,BLR,2152,143,19.0
F00537,G8,MAA,HYD,1456,141,13.0
F00341,6E,CCU,DEL,503,173,6.0
F00475,G8,DEL,BLR,1527,145,34.0
F00103,6E,HYD,BOM,740,65,2.0
F00053,SG,DEL,HYD,1839,163,628.0
F00027,AI,DEL,BOM,1229,188,11.0
F00543,SG,BOM,DEL,2093,128,22.0
F00314,AI,maa,HYD,2055,98,34.0
F00073,UK,HYD,BLR,2388,91,23.0
F00041,6E,del,CCU,1504,177,5.0
F00139,6E,DEL,BOM,1629,125,10.0
F00105,AI,CCU,BLR,540,118,35.0
F00245,6E,MAA,BLR,583,166,8.0
F00496,6E,CCU,DEL,676,173,9.0
F00331,AI,MAA,CCU,2055,176,2.0
F00394,SG,MAA,CCU,2111,180,10.0
F00190,UK,hyd,BOM,2104,139,8.0
F00166,6E,CCU,DEL,1211,98,22.0
F00507,6E,BLR,CCU,1807,142,1.0
F00175,6E,BLR,BOM,1815,0,19.0
F00482,6E,BOM,HYD,902,174,4.0
F00407,SG,BOM,HYD,570,108,14.0
F00011,AI,MAA,BLR,987,162,
F00401,6E,CCU,BOM,1592,92,16.0
F00284,AI,HYD,BOM,554,154,24.0
F00591,6E, HYD,BOM,1864,173,7.0
F00187,6E,CCU,DEL,1866,102,44.0
F00356,6E,DEL,BOM,2307,136,19.0
F00028,AI,BOM,CCU,1754,136,27.0
F00020,6E,MAA,BOM,1971,105,35.0
F00327,G8,HYD,BOM,1657,75,10.0
F00068,6E,blr,CCU,2336,121,36.0
F00324,6E, BOM,HYD,1553,135,30.0
F00219,AI,BOM,BLR,2299,106,21.0
F00563,SG,MAA,HYD,1382,147,
F00590,UK,MAA,DEL,815,157,38.0
F00164,6E,BLR,CCU,1069,110,8.0
F00113,6E,DEL,MAA,2070,150,19.0
F00137,UK,HYD,DEL,1361,172,9.0
F00398,6E,DEL,HYD,2058,66,12.0
F00325,SG,DEL,HYD,2117,87,
F00088,UK,MAA,DEL,774,145,23.0
F00039,6E,BOM,DEL,855,74,45.0
F00568,6E,CCU,BOM,1134,108,32.0
F00377,6E,DEL,BLR,727,177,23.0
F00548,6E, HYD,MAA,2192,70,31.0
F00362,SG,BLR,DEL,1180,145,16.0
F00572,6E,DEL,CCU,1068,171,59.0
F00588,6E,DEL,HYD,458,149,42.0
F00265,AI,HYD,CCU,1618,135,9.0
F00268,UK,HYD,BLR,1946,80,6.0
F00412,6E,BOM,CCU,1801,99,7.0
F00293,6E,BOM,DEL,932,70,5.0
F00202,6E,HYD,DEL,892,89,
F00418,SG,MAA,BLR,1629,129,6.0
F00146,UK,DEL,BLR,648,61,14.0
F00296,SG,MAA,BLR,690,134,12.0
F00352,SG,CCU,HYD,329,142,
F00230,UK, CCU,MAA,2198,152,30.0
F00239,6E,BLR,MAA,1175,139,
F00596,6E,DEL,BLR,1169,166,10.0
F00198,G8,HYD,DEL,1236,61,17.0
F00244,AI,BLR,HYD,540,137,10.0
F00225,6E,CCU,DEL,902,102,30.0
F00220,AI,DEL,CCU,648,142,8.0
F00123,SG,BOM,HYD,1021,97,21.0
F00064,AI,HYD,BLR,1249,139,12.0
F00065,6E,BLR,CCU,1875,154,23.0
F00517,6E,MAA,BLR,951,64,673.0
F00050,6E,BLR,DEL,1685,114,13.0
F00334,6E,DEL,BLR,1937,161,8.0
F00180,G8,BOM,CCU,552,119,12.0
F00387,SG, BOM,HYD,1321,160,32.0
F00384,UK,HYD,BOM,2357,88,15.0
F00304,SG,MAA,DEL,2122,166,40.0
F00552,SG,CCU,HYD,1000,88,17.0
F00413,AI,DEL,BLR,1822,167,-999.0
F00301,6E,MAA,CCU,1970,96,
F00059,AI,HYD,CCU,725,98,-999.0
F00149,AI,DEL,CCU,1057,93,
F00004,6E,MAA,CCU,1735,130,11.0
F00017,6E,HYD,CCU,2320,76,17.0
F00206,G8,DEL,MAA,2134,169,16.0
F00312,6E,DEL,HYD,444,177,10.0
F00461,AI,HYD,BLR,929,67,24.0
F00184,6E,BOM,HYD,1000,69,19.0
F00282,UK,BOM,HYD,1504,61,8.0
F00018,SG,BOM,HYD,1644,127,7.0
F00266,UK,BLR,BOM,1835,102,11.0
F00281,6E,BLR,MAA,914,69,8.0
F00125,6E,CCU,BLR,1863,64,
F00194,UK,BLR,DEL,695,164,30.0
F00355,AI,MAA,DEL,1210,164,535.0
F00211,6E, MAA,HYD,1214,75,17.0
F00214,SG,MAA,BLR,352,141,9.0
F00036,UK,MAA,DEL,1853,120,47.0
F00555,AI,CCU,HYD,1799,181,
F00129,AI,CCU,HYD,1951,188,2.0
F00433,SG,CCU,DEL,540,110,9.0
F00243,AI,HYD,MAA,2393,157,
F00453,AI,hyd,DEL,2108,149,8.0
F00286,G8,HYD,BOM,996,65,
F00098,6E,HYD,BLR,885,132,8.0
F00541,SG,CCU,HYD,2155,171,20.0
F00062,AI,BLR,BOM,1615,88,6.0
F00163,6E,BOM,BLR,309,123,27.0
F00156,UK,MAA,HYD,2376,187,
F00092,6E,MAA,DEL,1987,68,8.0
F00118,6E,CCU,BOM,1846,155,32.0
F00600,6E,BOM,BLR,1496,142,13.0
F90002,AI,CCU,MAA,1370,118,8.0
F00442,6E,BOM,CCU,2086,86,
F00510,AI, HYD,BOM,2074,138,6.0
F00252,UK,HYD,CCU,1252,155,11.0
F00152,UK,ccu,BOM,2045,150,12.0
F00354,6E,MAA,CCU,1791,182,-999.0
F00128,G8,CCU,BLR,960,172,4.0
F00376,G8,CCU,BOM,708,149,11.0
F00494,AI,MAA,BLR,1364,160,3.0
F00015,SG,MAA,CCU,1155,177,19.0
F00126,AI,BOM,MAA,2112,90,19.0
F00246,AI,MAA,CCU,1635,172,26.0
F00261,UK,DEL,HYD,1910,148,20.0
F00092,6E,MAA,DEL,1987,68,8.0
F00329,6E,BOM,HYD,2062,147,
F00014,SG,HYD,BOM,2399,90,13.0
F00393,UK,HYD,BLR,1062,142,10.0
F00242,G8,CCU,HYD,784,106,49.0
F00003,G8,DEL,BOM,1266,148,12.0
F00545,6E,MAA,DEL,1303,163,31.0
F00257,6E,CCU,BOM,1405,145,8.0
F00247,SG,CCU,BOM,1726,176,12.0
F00431,G8,BLR,MAA,1624,145,17.0
F00361,SG,MAA,BOM,1539,119,5.0
F00240,6E,DEL,HYD,423,131,11.0
F00033,6E,BOM,BLR,1336,183,8.0
F00337,UK,MAA,BOM,821,123,18.0
F00357,UK,DEL,HYD,2045,146,30.0
F00238,6E,BLR,DEL,898,71,20.0
F00544,6E,BOM,CCU,2369,87,15.0
F00428,6E,HYD,MAA,2094,79,18.0
F00060,6E,DEL,CCU,1097,136,63.0
F00522,UK,MAA,CCU,684,66,40.0
F00101,G8,HYD,MAA,1923,90,19.0
F00195,AI,maa,CCU,1671,92,13.0
F00201,6E,MAA,DEL,572,112,3.0
F00586,UK,MAA,DEL,1904,154,37.0
F00029,UK,DEL,BOM,1541,97,19.0
F00074,UK,BOM,HYD,848,187,516.0
F00533,UK,maa,HYD,1214,102,-999.0
F00119,6E,MAA,CCU,2254,0,27.0
F00082,UK,BLR,MAA,2269,66,18.0
F00462,6E,BLR,HYD,374,63,
F00228,AI,DEL,HYD,734,140,54.0
F00421,6E,BOM,BLR,390,171,411.0
F00222,6E,CCU,DEL,783,88,4.0
F00414,6E,CCU,BOM,1797,132,20.0
F00476,6E, BOM,HYD,705,112,27.0
F00136,AI,DEL,BLR,1391,0,52.0
F00378,6E,MAA,CCU,789,70,36.0
F00249,AI,MAA,CCU,2131,149,10.0
F00115,AI,BLR,MAA,1189,133,19.0
F00185,AI,MAA,DEL,1354,146,403.0
F00224,6E,BOM,HYD,793,132,15.0
F00472,AI,BOM,CCU,1538,86,23.0
F00363,UK,DEL,CCU,2085,180,
F00037,UK,DEL,BLR,573,98,4.0
F00449,6E,DEL,BLR,2246,119,16.0
F00422,SG, BOM,CCU,611,168,14.0
F00291,6E,DEL,CCU,1046,86,18.0
F00597,AI,BLR,MAA,2060,148,3.0
F00550,UK,HYD,BLR,1877,67,13.0
F00371,SG,BLR,CCU,1331,74,32.0
F00372,SG,CCU,BOM,1659,78,19.0
F00559,UK,MAA,BLR,2111,173,1.0
F00140,6E,DEL,HYD,1368,140,469.0
F00530,AI,DEL,CCU,1817,158,-999.0
F00102,6E, BOM,CCU,1002,94,16.0
F00521,6E,MAA,BOM,328,115,17.0
F00328,6E,CCU,DEL,1313,81,11.0
F00375,AI,MAA,HYD,1967,118,16.0
F00546,G8,BOM,DEL,1767,83,56.0
F00383,6E,MAA,BLR,2295,73,11.0
F00148,SG,CCU,HYD,2382,169,4.0
F00055,6E,BLR,CCU,1207,93,30.0
F00004,6E,MAA,CCU,1735,130,11.0
F00313,6E,MAA,BOM,812,101,26.0
F00287,6E,HYD,BLR,1602,141,
F00038,UK,HYD,BOM,849,172,4.0
F00189,6E,DEL,MAA,1817,134,9.0
F00539,6E,CCU,BOM,2314,120,21.0
F00343,SG,BLR,BOM,2328,140,15.0
F00061,SG,MAA,BLR,404,128,6.0
F00045,UK,BLR,DEL,2266,146,22.0
F00117,UK,BOM,MAA,411,115,13.0
F00335,AI,HYD,DEL,1309,118,12.0
F00019,G8,MAA,BLR,2000,126,36.0
F00199,AI,BOM,HYD,1396,131,-999.0
F00070,6E,BLR,DEL,1502,83,3.0
F00076,6E,BOM,DEL,1123,111,36.0
F00285,6E,DEL,BOM,2021,108,8.0
F00359,UK,maa,DEL,1455,162,-999.0
F00450,G8,CCU,DEL,561,121,13.0
F00570,G8,BOM,MAA,1756,173,31.0
F00322,6E,CCU,HYD,324,64,8.0
F00360,6E,BOM,DEL,728,93,6.0
F00094,AI,MAA,BLR,706,83,4.0
F00054,AI,MAA,CCU,2206,77,
F00193,AI,BLR,CCU,1720,88,6.0
F00032,6E,DEL,BOM,477,180,20.0
F00380,AI,MAA,CCU,486,67,3.0
F00311,G8,HYD,BOM,1443,130,7.0
F00502,6E,CCU,HYD,1439,164,14.0
F00410,SG,HYD,CCU,895,149,48.0
F00499,6E,HYD,BOM,562,128,44.0
F00420,SG,HYD,DEL,323,87,17.0
F00382,G8,BOM,CCU,1685,93,
F00147,6E,HYD,CCU,685,81,42.0
F00079,6E,CCU,BOM,527,113,42.0
F00236,6E,MAA,BLR,529,108,
F00216,AI,BLR,HYD,2162,168,680.0
F00250,G8,MAA,CCU,568,109,7.0
F00153,AI,HYD,DEL,1193,0,3.0
F00416,6E,bom,MAA,2122,182,6.0
F00498,G8,CCU,BOM,1184,127,
F00419,G8,MAA,BLR,1925,165,6.0
F00001,SG,DEL,BOM,838,125,15.0
F00278,G8,BOM,HYD,957,64,8.0
F00538,AI,HYD,MAA,1806,189,27.0
F00531,AI,blr,CCU,1072,110,1.0
F00303,6E,HYD,BLR,1116,125,8.0
F00131,6E,MAA,CCU,500,154,-999.0
F00235,AI,DEL,MAA,1344,120,28.0
F00007,6E,MAA,HYD,1798,145,
F00315,6E,BLR,BOM,2364,157,16.0
F00532,6E,CCU,BOM,1323,108,-999.0
F00484,UK,HYD,BOM,428,98,19.0
F00524,6E,BOM,MAA,1568,144,14.0
F00071,UK,BOM,BLR,1775,85,21.0
F00057,UK,HYD,BOM,2386,92,2.0
F00369,6E,BLR,DEL,2381,178,12.0
F00459,UK,DEL,BLR,1901,0,8.0
F00145,AI,MAA,BOM,1358,154,37.0
F00345,SG, BLR,DEL,2084,159,7.0
F00300,6E,BLR,BOM,1020,144,10.0
F00446,6E,HYD,MAA,550,85,3.0
F00203,SG,CCU,DEL,1951,72,12.0
F00379,6E,DEL,HYD,1071,109,5.0
F00554,AI,MAA,BLR,2271,177,27.0
F00254,6E,DEL,HYD,359,122,10.0
F00423,6E,BOM,DEL,1967,65,24.0
F00270,AI,DEL,BOM,367,116,47.0
F00365,6E,DEL,HYD,1099,86,12.0
F00260,UK,BOM,CCU,2397,80,8.0
F00465,UK,BLR,MAA,1095,100,27.0
F00425,6E,HYD,CCU,721,131,6.0
F00481,6E,HYD,MAA,1444,149,21.0
F00051,6E,MAA,DEL,593,155,14.0
F00469,6E,MAA,DEL,404,106,18.0
F00514,6E,CCU,BOM,1680,125,9.0
F00443,G8,hyd,MAA,874,118,26.0
F00091,AI, CCU,MAA,1292,84,8.0
F00519,UK,del,HYD,1527,185,13.0
F00536,SG,BOM,BLR,1973,96,
F00086,UK,CCU,BLR,330,180,18.0
F00483,AI,BLR,CCU,1794,181,28.0
F00456,6E,HYD,BLR,2282,85,18.0
F00511,G8,BLR,CCU,1442,83,37.0
F00435,AI,DEL,HYD,2130,153,4.0
F00186,6E,HYD,CCU,802,97,16.0
F00040,SG,DEL,BOM,792,72,5.0
F00021,AI, CCU,DEL,847,137,18.0
F00130,UK,MAA,CCU,822,60,15.0
F00589,SG,CCU,HYD,2134,128,14.0
F00181,G8,BOM,BLR,1088,102,7.0
F00309,AI,BLR,CCU,736,107,9.0
F00512,6E,DEL,BLR,1088,125,15.0
F00043,6E,BLR,BOM,1560,73,12.0
F00277,6E,HYD,MAA,1934,187,7.0
F00210,6E,MAA,HYD,1839,139,
F00455,UK,DEL,HYD,366,97,
F00023,AI,BOM,DEL,1647,67,2.0
F00415,6E,MAA,CCU,529,169,8.0
F00191,UK,MAA,BOM,2204,121,
F00584,UK,BLR,MAA,1323,184,19.0
F00460,6E,BLR,HYD,1194,112,23.0
F00479,6E,DEL,CCU,933,79,1.0
F00579,UK,BOM,MAA,544,107,42.0
F00504,G8,BOM,DEL,2344,156,10.0
F00441,6E,BOM,BLR,2102,92,13.0
F00253,AI,MAA,BLR,1335,73,33.0
F00077,AI,CCU,DEL,1044,64,
F00016,UK,DEL,BLR,1862,186,47.0
F00518,6E,HYD,BLR,2170,87,5.0
F00135,G8,DEL,CCU,870,171,
F00551,UK,BLR,MAA,2069,162,628.0
F00535,6E,BLR,DEL,1693,141,13.0
F00467,6E,DEL,HYD,1447,98,-999.0
F00112,6E,HYD,DEL,1054,128,6.0
F00566,6E,BOM,CCU,739,158,14.0
F00358,AI,HYD,BOM,1719,78,13.0
F00316,6E, BLR,HYD,1970,76,65.0
F00120,UK, HYD,DEL,684,70,23.0
F00204,6E,MAA,BLR,1814,89,7.0
F00078,6E, BOM,MAA,1395,90,34.0
F00381,G8,maa,DEL,403,117,30.0
F00294,SG,CCU,DEL,2140,110,8.0
F00436,UK,bom,MAA,1917,0,38.0
F00008,AI,BOM,DEL,1319,93,14.0
F00183,6E,BOM,BLR,2018,129,32.0
F00573,6E, MAA,BOM,1549,74,19.0
F00471,6E,HYD,DEL,673,68,18.0
F00444,AI,DEL,CCU,1419,149,88.0
F00562,6E,BLR,CCU,2293,101,5.0
F00438,UK,BLR,BOM,2260,185,16.0
F00182,AI,HYD,DEL,351,132,25.0
F00473,AI,BOM,HYD,1529,154,12.0
F00508,UK,BOM,BLR,561,0,23.0
F00307,AI, MAA,BOM,2115,147,8.0
F00389,AI,DEL,CCU,453,140,37.0
F00226,6E,BLR,BOM,378,159,28.0
F00173,UK,BLR,BOM,303,0,32.0
F00158,6E,MAA,HYD,1190,115,22.0
F00432,6E,BOM,BLR,1271,145,9.0
F00143,UK,CCU,BLR,1276,85,15.0
F00297,G8,BOM,BLR,2349,151,52.0
F00348,6E,DEL,BOM,672,83,17.0
F00452,AI,BOM,MAA,2073,114,
F00144,AI,MAA,CCU,1962,172,23.0
F00580,6E,ccu,BOM,1983,79,17.0
F00047,G8,BOM,CCU,372,84,16.0
F00516,6E,HYD,MAA,1140,125,34.0
F00594,AI, BLR,BOM,2367,102,20.0
F00373,UK,CCU,DEL,1680,87,32.0
F00100,6E,HYD,DEL,1898,77,
F00274,6E,MAA,BLR,1456,115,9.0
F00026,UK,MAA,HYD,480,122,6.0
F00085,G8,CCU,BLR,1427,187,14.0
F00090,6E,DEL,HYD,770,171,43.0
F00458,G8,MAA,HYD,338,110,24.0
F00437,AI, BOM,DEL,1133,152,28.0
F00574,UK,BLR,MAA,1979,175,5.0
F00320,AI,DEL,HYD,981,71,17.0
F00049,6E,del,BLR,2235,97,
F00513,SG, BOM,MAA,2176,109,14.0
F00134,AI,DEL,BLR,2315,136,11.0
F00370,AI,BOM,MAA,727,149,
F00542,6E,BOM,DEL,1310,189,34.0
F00058,6E,CCU,BLR,599,134,4.0
F00024,6E,BOM,HYD,385,114,29.0
F00052,UK,CCU,BOM,2162,99,2.0
F00330,6E,HYD,BLR,963,133,11.0
F00505,AI,BOM,CCU,849,87,10.0
F00109,AI,CCU,BLR,463,110,-999.0
F00451,SG,BOM,HYD,939,142,37.0
F00490,ZZ,BOM,HYD,2375,108,6.0
F00332,AI,MAA,HYD,1557,72,11.0
F00405,6E,DEL,CCU,887,170,6.0
F00196,6E,DEL,BOM,1315,165,25.0
F00138,6E,BOM,HYD,2274,135,32.0
F00397,G8,MAA,HYD,1184,118,9.0
F00081,6E,MAA,BOM,1805,113,34.0
F00262,6E,CCU,BOM,1547,89,20.0
F00470,G8,CCU,DEL,1964,79,
F00157,6E,BLR,CCU,2369,72,10.0
F00002,AI,HYD,MAA,2342,180,7.0
F00229,6E,BLR,DEL,2238,62,20.0
F00279,6E,HYD,BLR,1224,93,15.0
F00217,AI,BLR,CCU,1227,136,11.0
F00396,6E,del,BLR,930,151,14.0
F00221,6E,BLR,HYD,2316,65,54.0
F00161,AI,BLR,HYD,1296,142,27.0
F00272,6E,BLR,HYD,569,128,3.0
F00302,6E,MAA,BLR,1458,73,20.0
F00342,6E,MAA,BOM,1824,185,
F00205,UK,MAA,BOM,385,73,
F00406,6E,BOM,CCU,319,143,3.0
F90001,SG,CCU,MAA,1370,142,12.0
F00318,AI,BLR,CCU,1003,159,16.0
F00174,AI,DEL,BOM,1704,123,18.0
F00299,UK,BLR,HYD,1075,125,26.0
F00367,AI,MAA,BOM,2129,133,29.0
F00035,6E,CCU,DEL,1394,114,18.0
F00528,SG,HYD,CCU,1101,64,25.0
F00167,6E,DEL,BLR,853,145,14.0
F00440,AI,BOM,MAA,388,172,30.0
F00106,SG,BLR,CCU,1777,93,24.0
F00569,AI,BOM,CCU,1639,176,43.0
F00492,UK,DEL,BLR,1731,111,10.0
F00030,6E,HYD,BLR,1848,99,14.0
F00116,AI,HYD,BLR,1133,93,35.0
F00095,6E,CCU,DEL,673,135,34.0
F00582,6E,MAA,BLR,437,86,17.0
F00234,AI,BLR,BOM,1888,140,20.0
F00295,AI,blr,BOM,692,63,2.0
F00448,6E,DEL,BOM,367,60,15.0
F00208,AI,DEL,BLR,2028,120,3.0
F00395,6E,CCU,HYD,763,167,13.0
F00080,UK,MAA,DEL,2092,103,29.0
F00179,UK,BLR,MAA,1413,161,6.0
F00488,G8,DEL,BOM,857,169,9.0
F90003,SG,CCU,MAA,1370,155,540.0
F00097,6E,BOM,BLR,1566,64,1.0
F00556,6E,DEL,BLR,1782,175,15.0
F00283,AI,HYD,BLR,1110,86,
F00046,UK,MAA,BLR,534,138,11.0
F00400,6E,BLR,CCU,573,75,13.0
F00463,6E,MAA,BLR,444,183,11.0
F00170,AI,CCU,HYD,428,158,-999.0
F00042,6E,BLR,BOM,2227,93,54.0
F00466,6E,HYD,DEL,1175,186,8.0
F00150,SG,BOM,DEL,1588,171,22.0
F00288,6E,HYD,MAA,650,110,
F00368,6E,BLR,BOM,2228,185,38.0
F00497,SG,BOM,MAA,1272,169,6.0
F00308,UK,MAA,BOM,1583,85,9.0
F00215,UK,BLR,CCU,1663,64,17.0
F00111,6E,BLR,HYD,1659,162,16.0
F00133,6E,BLR,MAA,1790,118,47.0
F00338,6E,BLR,HYD,1440,173,30.0
F00409,6E,HYD,BOM,587,98,34.0
F00084,SG,BOM,BLR,798,154,8.0
F00197,6E,CCU,BLR,1070,168,20.0
F00402,AI,HYD,MAA,374,89,10.0
F00326,G8,DEL,BLR,1642,60,25.0
F00525,AI,BOM,MAA,585,123,677.0
F00408,SG,BOM,CCU,2366,184,45.0
F00110,UK,BLR,HYD,1198,81,
F00096,6E,DEL,CCU,326,131,
F00233,AI,BLR,HYD,885,188,18.0
F00489,6E,DEL,MAA,445,128,12.0
